item_id,user_id,rating,timestamp,model_attr,category,brand,year,user_attr,split,month
0,0,5.0,1999-06-13,Female,Portable Audio & Video,,1999,,0,6
0,1,5.0,1999-06-14,Female,Portable Audio & Video,,1999,,0,6
0,2,3.0,1999-06-17,Female,Portable Audio & Video,,1999,,0,6
0,3,1.0,1999-07-01,Female,Portable Audio & Video,,1999,,0,7
0,4,2.0,1999-07-06,Female,Portable Audio & Video,,1999,,0,7
0,5,2.0,1999-07-12,Female,Portable Audio & Video,,1999,,0,7
0,6,5.0,1999-07-13,Female,Portable Audio & Video,,1999,,0,7
0,7,2.0,1999-07-13,Female,Portable Audio & Video,,1999,,0,7
0,8,4.0,1999-07-16,Female,Portable Audio & Video,,1999,,0,7
0,9,5.0,1999-08-20,Female,Portable Audio & Video,,1999,,0,8
0,10,1.0,1999-08-24,Female,Portable Audio & Video,,1999,,0,8
0,11,1.0,1999-10-04,Female,Portable Audio & Video,,1999,,0,10
0,12,5.0,1999-10-10,Female,Portable Audio & Video,,1999,,0,10
0,13,5.0,1999-10-12,Female,Portable Audio & Video,,1999,,0,10
1,14,4.0,1999-10-17,Female,Computers & Accessories,HP,1999,,0,10
0,15,5.0,1999-10-21,Female,Portable Audio & Video,,1999,,0,10
2,16,4.0,1999-10-25,Female&Male,Headphones,,1999,,0,10
0,17,5.0,1999-10-29,Female,Portable Audio & Video,,1999,,0,10
0,18,1.0,1999-11-06,Female,Portable Audio & Video,,1999,,0,11
0,19,3.0,1999-11-09,Female,Portable Audio & Video,,1999,,0,11
0,20,4.0,1999-11-10,Female,Portable Audio & Video,,1999,,0,11
0,21,4.0,1999-11-14,Female,Portable Audio & Video,,1999,,0,11
0,22,1.0,1999-11-23,Female,Portable Audio & Video,,1999,,0,11
0,23,3.0,1999-11-24,Female,Portable Audio & Video,,1999,,0,11
0,24,4.0,1999-11-26,Female,Portable Audio & Video,,1999,,0,11
0,25,5.0,1999-11-27,Female,Portable Audio & Video,,1999,,0,11
0,26,5.0,1999-11-29,Female,Portable Audio & Video,,1999,,0,11
0,27,5.0,1999-11-30,Female,Portable Audio & Video,,1999,,0,11
0,28,2.0,1999-12-01,Female,Portable Audio & Video,,1999,Female,0,12
0,29,2.0,1999-12-02,Female,Portable Audio & Video,,1999,,0,12
0,30,5.0,1999-12-02,Female,Portable Audio & Video,,1999,,0,12
0,31,4.0,1999-12-02,Female,Portable Audio & Video,,1999,,0,12
0,32,3.0,1999-12-04,Female,Portable Audio & Video,,1999,,0,12
0,33,4.0,1999-12-04,Female,Portable Audio & Video,,1999,,0,12
2,34,5.0,1999-12-05,Female&Male,Headphones,,1999,,0,12
0,35,5.0,1999-12-06,Female,Portable Audio & Video,,1999,,0,12
0,36,4.0,1999-12-07,Female,Portable Audio & Video,,1999,,0,12
0,37,5.0,1999-12-07,Female,Portable Audio & Video,,1999,,0,12
0,38,2.0,1999-12-07,Female,Portable Audio & Video,,1999,,0,12
0,39,5.0,1999-12-08,Female,Portable Audio & Video,,1999,,0,12
0,40,5.0,1999-12-10,Female,Portable Audio & Video,,1999,,0,12
0,41,2.0,1999-12-10,Female,Portable Audio & Video,,1999,,0,12
1,42,5.0,1999-12-13,Female,Computers & Accessories,HP,1999,,0,12
0,43,4.0,1999-12-22,Female,Portable Audio & Video,,1999,,0,12
0,44,5.0,1999-12-27,Female,Portable Audio & Video,,1999,,0,12
0,45,5.0,1999-12-28,Female,Portable Audio & Video,,1999,,0,12
0,46,5.0,1999-12-30,Female,Portable Audio & Video,,1999,,0,12
0,47,5.0,2000-01-03,Female,Portable Audio & Video,,2000,,0,1
0,48,1.0,2000-01-04,Female,Portable Audio & Video,,2000,,0,1
0,49,4.0,2000-01-06,Female,Portable Audio & Video,,2000,,0,1
0,50,4.0,2000-01-06,Female,Portable Audio & Video,,2000,,0,1
0,51,1.0,2000-01-06,Female,Portable Audio & Video,,2000,,0,1
0,52,4.0,2000-01-07,Female,Portable Audio & Video,,2000,,0,1
0,53,1.0,2000-01-09,Female,Portable Audio & Video,,2000,,0,1
0,54,5.0,2000-01-12,Female,Portable Audio & Video,,2000,,0,1
0,55,5.0,2000-01-14,Female,Portable Audio & Video,,2000,,0,1
0,56,5.0,2000-01-17,Female,Portable Audio & Video,,2000,,0,1
0,57,5.0,2000-01-22,Female,Portable Audio & Video,,2000,,0,1
0,58,4.0,2000-01-24,Female,Portable Audio & Video,,2000,,0,1
0,59,5.0,2000-01-29,Female,Portable Audio & Video,,2000,,0,1
0,60,5.0,2000-01-31,Female,Portable Audio & Video,,2000,,0,1
0,61,3.0,2000-02-01,Female,Portable Audio & Video,,2000,,0,2
0,62,5.0,2000-02-01,Female,Portable Audio & Video,,2000,,0,2
0,63,3.0,2000-02-14,Female,Portable Audio & Video,,2000,,0,2
0,64,3.0,2000-02-15,Female,Portable Audio & Video,,2000,,0,2
0,65,1.0,2000-02-19,Female,Portable Audio & Video,,2000,,0,2
0,66,3.0,2000-02-21,Female,Portable Audio & Video,,2000,,0,2
0,67,2.0,2000-02-27,Female,Portable Audio & Video,,2000,,0,2
0,68,5.0,2000-02-28,Female,Portable Audio & Video,,2000,,0,2
0,69,4.0,2000-02-29,Female,Portable Audio & Video,,2000,,0,2
0,70,2.0,2000-03-01,Female,Portable Audio & Video,,2000,,0,3
0,71,5.0,2000-03-12,Female,Portable Audio & Video,,2000,,0,3
0,72,5.0,2000-03-16,Female,Portable Audio & Video,,2000,,0,3
0,73,5.0,2000-03-17,Female,Portable Audio & Video,,2000,,0,3
0,74,2.0,2000-03-22,Female,Portable Audio & Video,,2000,,0,3
1,75,5.0,2000-03-22,Female,Computers & Accessories,HP,2000,,0,3
1,76,5.0,2000-03-23,Female,Computers & Accessories,HP,2000,,0,3
1,77,2.0,2000-03-25,Female,Computers & Accessories,HP,2000,,0,3
3,78,4.0,2000-03-28,Female,Camera & Photo,,2000,,0,3
3,79,5.0,2000-03-28,Female,Camera & Photo,,2000,,0,3
3,80,4.0,2000-03-30,Female,Camera & Photo,,2000,,0,3
3,81,5.0,2000-03-31,Female,Camera & Photo,,2000,Male,0,3
0,82,5.0,2000-04-01,Female,Portable Audio & Video,,2000,,0,4
2,83,5.0,2000-04-05,Female&Male,Headphones,,2000,,0,4
3,84,1.0,2000-04-06,Female,Camera & Photo,,2000,,0,4
0,85,5.0,2000-04-12,Female,Portable Audio & Video,,2000,,0,4
3,86,2.0,2000-04-12,Female,Camera & Photo,,2000,,0,4
3,87,5.0,2000-04-12,Female,Camera & Photo,,2000,,0,4
3,88,4.0,2000-04-14,Female,Camera & Photo,,2000,,0,4
0,89,5.0,2000-04-15,Female,Portable Audio & Video,,2000,,0,4
3,90,4.0,2000-04-15,Female,Camera & Photo,,2000,,0,4
0,91,2.0,2000-04-16,Female,Portable Audio & Video,,2000,,0,4
3,92,5.0,2000-04-17,Female,Camera & Photo,,2000,,0,4
0,93,1.0,2000-04-22,Female,Portable Audio & Video,,2000,,0,4
0,94,1.0,2000-04-27,Female,Portable Audio & Video,,2000,,0,4
0,95,4.0,2000-04-30,Female,Portable Audio & Video,,2000,,0,4
1,96,5.0,2000-05-05,Female,Computers & Accessories,HP,2000,,0,5
0,97,1.0,2000-05-06,Female,Portable Audio & Video,,2000,,0,5
3,98,4.0,2000-05-09,Female,Camera & Photo,,2000,,0,5
0,99,1.0,2000-05-09,Female,Portable Audio & Video,,2000,,0,5
3,100,5.0,2000-05-09,Female,Camera & Photo,,2000,,0,5
0,101,5.0,2000-05-11,Female,Portable Audio & Video,,2000,,0,5
3,102,5.0,2000-05-12,Female,Camera & Photo,,2000,,0,5
2,103,5.0,2000-05-14,Female&Male,Headphones,,2000,,0,5
1,104,5.0,2000-05-15,Female,Computers & Accessories,HP,2000,,0,5
0,105,5.0,2000-05-15,Female,Portable Audio & Video,,2000,,0,5
0,106,4.0,2000-05-17,Female,Portable Audio & Video,,2000,,0,5
3,107,3.0,2000-05-17,Female,Camera & Photo,,2000,,0,5
3,108,5.0,2000-05-18,Female,Camera & Photo,,2000,,0,5
3,109,5.0,2000-05-18,Female,Camera & Photo,,2000,,0,5
3,110,4.0,2000-05-19,Female,Camera & Photo,,2000,,0,5
0,111,4.0,2000-05-22,Female,Portable Audio & Video,,2000,,0,5
0,112,2.0,2000-05-23,Female,Portable Audio & Video,,2000,,0,5
1,113,5.0,2000-05-23,Female,Computers & Accessories,HP,2000,,0,5
0,114,3.0,2000-05-25,Female,Portable Audio & Video,,2000,,0,5
3,115,1.0,2000-05-26,Female,Camera & Photo,,2000,,0,5
0,116,5.0,2000-05-26,Female,Portable Audio & Video,,2000,,0,5
4,117,5.0,2000-05-29,Female,Television & Video,Philips,2000,,0,5
0,118,5.0,2000-06-05,Female,Portable Audio & Video,,2000,,0,6
5,119,5.0,2000-06-06,Female&Male,Camera & Photo,Polaroid,2000,,0,6
0,120,5.0,2000-06-06,Female,Portable Audio & Video,,2000,,0,6
3,121,5.0,2000-06-06,Female,Camera & Photo,,2000,,0,6
0,122,3.0,2000-06-08,Female,Portable Audio & Video,,2000,,0,6
6,123,1.0,2000-06-10,Female,Camera & Photo,Panasonic,2000,,0,6
0,124,5.0,2000-06-10,Female,Portable Audio & Video,,2000,,0,6
6,125,4.0,2000-06-10,Female,Camera & Photo,Panasonic,2000,,0,6
0,126,4.0,2000-06-11,Female,Portable Audio & Video,,2000,,0,6
7,127,4.0,2000-06-12,Female,Home Audio,Philips,2000,,0,6
0,128,4.0,2000-06-13,Female,Portable Audio & Video,,2000,,0,6
6,129,5.0,2000-06-14,Female,Camera & Photo,Panasonic,2000,,0,6
8,130,3.0,2000-06-14,Female,Accessories & Supplies,,2000,,0,6
7,131,4.0,2000-06-15,Female,Home Audio,Philips,2000,Male,0,6
0,132,3.0,2000-06-15,Female,Portable Audio & Video,,2000,,0,6
0,133,5.0,2000-06-18,Female,Portable Audio & Video,,2000,,0,6
7,134,5.0,2000-06-19,Female,Home Audio,Philips,2000,,0,6
0,135,2.0,2000-06-20,Female,Portable Audio & Video,,2000,,0,6
2,136,4.0,2000-06-24,Female&Male,Headphones,,2000,,0,6
3,137,3.0,2000-06-26,Female,Camera & Photo,,2000,,0,6
7,138,4.0,2000-06-26,Female,Home Audio,Philips,2000,,0,6
3,139,3.0,2000-06-29,Female,Camera & Photo,,2000,Female,0,6
1,140,1.0,2000-06-30,Female,Computers & Accessories,HP,2000,,0,6
0,141,4.0,2000-06-30,Female,Portable Audio & Video,,2000,,0,6
0,142,4.0,2000-07-07,Female,Portable Audio & Video,,2000,,0,7
3,143,5.0,2000-07-07,Female,Camera & Photo,,2000,,0,7
9,144,5.0,2000-07-10,Female,Camera & Photo,JVC,2000,,0,7
0,145,2.0,2000-07-11,Female,Portable Audio & Video,,2000,,0,7
2,146,4.0,2000-07-12,Female&Male,Headphones,,2000,,0,7
7,147,5.0,2000-07-13,Female,Home Audio,Philips,2000,,0,7
0,148,4.0,2000-07-15,Female,Portable Audio & Video,,2000,,0,7
3,149,5.0,2000-07-15,Female,Camera & Photo,,2000,,0,7
7,150,5.0,2000-07-16,Female,Home Audio,Philips,2000,,0,7
0,151,3.0,2000-07-16,Female,Portable Audio & Video,,2000,,0,7
0,152,4.0,2000-07-18,Female,Portable Audio & Video,,2000,,0,7
0,153,3.0,2000-07-27,Female,Portable Audio & Video,,2000,,0,7
7,154,3.0,2000-07-28,Female,Home Audio,Philips,2000,,0,7
5,155,3.0,2000-07-28,Female&Male,Camera & Photo,Polaroid,2000,,0,7
0,156,4.0,2000-08-01,Female,Portable Audio & Video,,2000,,0,8
7,157,2.0,2000-08-04,Female,Home Audio,Philips,2000,,0,8
3,158,2.0,2000-08-05,Female,Camera & Photo,,2000,,0,8
10,159,5.0,2000-08-06,Male,Portable Audio & Video,,2000,,0,8
1,160,5.0,2000-08-11,Female,Computers & Accessories,HP,2000,,0,8
11,161,4.0,2000-08-21,Male,Camera & Photo,Panasonic,2000,,0,8
3,162,3.0,2000-08-21,Female,Camera & Photo,,2000,,0,8
0,163,3.0,2000-08-29,Female,Portable Audio & Video,,2000,,0,8
0,164,4.0,2000-08-30,Female,Portable Audio & Video,,2000,,0,8
7,165,1.0,2000-08-30,Female,Home Audio,Philips,2000,,0,8
5,166,4.0,2000-09-14,Female&Male,Camera & Photo,Polaroid,2000,,0,9
1,167,5.0,2000-09-20,Female,Computers & Accessories,HP,2000,,0,9
0,168,1.0,2000-09-23,Female,Portable Audio & Video,,2000,,0,9
12,169,5.0,2000-09-25,Female&Male,Camera & Photo,Fujifilm,2000,,0,9
12,170,5.0,2000-09-26,Female&Male,Camera & Photo,Fujifilm,2000,,0,9
4,171,5.0,2000-10-06,Female,Television & Video,Philips,2000,,0,10
13,172,4.0,2000-10-06,Female,Camera & Photo,Nikon,2000,,0,10
1,173,4.0,2000-10-12,Female,Computers & Accessories,HP,2000,,0,10
11,174,5.0,2000-10-13,Male,Camera & Photo,Panasonic,2000,,0,10
13,175,5.0,2000-10-17,Female,Camera & Photo,Nikon,2000,,0,10
13,176,4.0,2000-10-19,Female,Camera & Photo,Nikon,2000,,0,10
11,177,5.0,2000-10-19,Male,Camera & Photo,Panasonic,2000,,0,10
8,178,1.0,2000-10-19,Female,Accessories & Supplies,,2000,Male,0,10
1,179,5.0,2000-10-19,Female,Computers & Accessories,HP,2000,,0,10
10,180,4.0,2000-10-20,Male,Portable Audio & Video,,2000,,0,10
13,181,4.0,2000-10-23,Female,Camera & Photo,Nikon,2000,,0,10
14,182,5.0,2000-10-25,Female&Male,Camera & Photo,Kodak,2000,,0,10
14,158,4.0,2000-10-28,Female&Male,Camera & Photo,Kodak,2000,,0,10
13,183,5.0,2000-10-29,Female,Camera & Photo,Nikon,2000,,0,10
11,184,3.0,2000-10-29,Male,Camera & Photo,Panasonic,2000,,0,10
13,185,4.0,2000-10-30,Female,Camera & Photo,Nikon,2000,,0,10
13,186,4.0,2000-11-01,Female,Camera & Photo,Nikon,2000,,0,11
1,187,5.0,2000-11-02,Female,Computers & Accessories,HP,2000,,0,11
15,188,5.0,2000-11-09,Female&Male,Camera & Photo,Kodak,2000,,0,11
15,189,5.0,2000-11-10,Female&Male,Camera & Photo,Kodak,2000,,0,11
1,190,5.0,2000-11-11,Female,Computers & Accessories,HP,2000,,0,11
13,191,5.0,2000-11-11,Female,Camera & Photo,Nikon,2000,,0,11
3,192,5.0,2000-11-14,Female,Camera & Photo,,2000,,0,11
3,193,1.0,2000-11-16,Female,Camera & Photo,,2000,,0,11
11,194,5.0,2000-11-17,Male,Camera & Photo,Panasonic,2000,,0,11
12,195,5.0,2000-11-18,Female&Male,Camera & Photo,Fujifilm,2000,,0,11
15,196,5.0,2000-11-22,Female&Male,Camera & Photo,Kodak,2000,,0,11
16,197,5.0,2000-11-22,Female&Male,Camera & Photo,Kodak,2000,,0,11
2,198,5.0,2000-11-25,Female&Male,Headphones,,2000,,0,11
12,199,3.0,2000-11-26,Female&Male,Camera & Photo,Fujifilm,2000,,0,11
10,200,3.0,2000-11-26,Male,Portable Audio & Video,,2000,,0,11
17,201,4.0,2000-11-27,Female,Camera & Photo,Fujifilm,2000,,0,11
8,202,4.0,2000-11-27,Female,Accessories & Supplies,,2000,,0,11
13,203,4.0,2000-11-28,Female,Camera & Photo,Nikon,2000,,0,11
14,204,5.0,2000-11-29,Female&Male,Camera & Photo,Kodak,2000,,0,11
3,205,4.0,2000-11-30,Female,Camera & Photo,,2000,,0,11
18,206,5.0,2000-12-01,Female,Camera & Photo,Sony,2000,,0,12
6,207,4.0,2000-12-03,Female,Camera & Photo,Panasonic,2000,,0,12
3,208,4.0,2000-12-06,Female,Camera & Photo,,2000,,0,12
3,209,5.0,2000-12-07,Female,Camera & Photo,,2000,,0,12
3,210,5.0,2000-12-09,Female,Camera & Photo,,2000,,0,12
14,211,1.0,2000-12-09,Female&Male,Camera & Photo,Kodak,2000,,0,12
13,212,3.0,2000-12-09,Female,Camera & Photo,Nikon,2000,,0,12
18,213,5.0,2000-12-11,Female,Camera & Photo,Sony,2000,,0,12
1,214,5.0,2000-12-14,Female,Computers & Accessories,HP,2000,,0,12
11,215,5.0,2000-12-14,Male,Camera & Photo,Panasonic,2000,,0,12
14,216,5.0,2000-12-15,Female&Male,Camera & Photo,Kodak,2000,,0,12
5,217,5.0,2000-12-15,Female&Male,Camera & Photo,Polaroid,2000,,0,12
1,218,3.0,2000-12-16,Female,Computers & Accessories,HP,2000,,0,12
1,219,5.0,2000-12-16,Female,Computers & Accessories,HP,2000,,0,12
3,220,2.0,2000-12-18,Female,Camera & Photo,,2000,,0,12
12,221,5.0,2000-12-18,Female&Male,Camera & Photo,Fujifilm,2000,,0,12
2,184,2.0,2000-12-19,Female&Male,Headphones,,2000,,2,12
13,222,4.0,2000-12-20,Female,Camera & Photo,Nikon,2000,,0,12
3,223,1.0,2000-12-21,Female,Camera & Photo,,2000,,0,12
1,224,1.0,2000-12-23,Female,Computers & Accessories,HP,2000,,0,12
14,225,5.0,2000-12-26,Female&Male,Camera & Photo,Kodak,2000,,0,12
10,226,4.0,2000-12-26,Male,Portable Audio & Video,,2000,,0,12
14,227,5.0,2000-12-28,Female&Male,Camera & Photo,Kodak,2000,,0,12
5,228,5.0,2000-12-29,Female&Male,Camera & Photo,Polaroid,2000,,0,12
19,229,3.0,2000-12-30,Female,Camera & Photo,Canon,2000,,0,12
13,230,2.0,2000-12-31,Female,Camera & Photo,Nikon,2000,,0,12
19,231,5.0,2000-12-31,Female,Camera & Photo,Canon,2000,Male,0,12
14,232,4.0,2001-01-01,Female&Male,Camera & Photo,Kodak,2001,,0,1
14,233,5.0,2001-01-02,Female&Male,Camera & Photo,Kodak,2001,Female,0,1
13,234,4.0,2001-01-02,Female,Camera & Photo,Nikon,2001,,0,1
1,235,4.0,2001-01-02,Female,Computers & Accessories,HP,2001,,0,1
11,236,5.0,2001-01-03,Male,Camera & Photo,Panasonic,2001,,0,1
14,237,4.0,2001-01-04,Female&Male,Camera & Photo,Kodak,2001,,0,1
14,238,5.0,2001-01-04,Female&Male,Camera & Photo,Kodak,2001,,0,1
2,239,5.0,2001-01-05,Female&Male,Headphones,,2001,,0,1
10,240,1.0,2001-01-06,Male,Portable Audio & Video,,2001,,0,1
3,241,4.0,2001-01-07,Female,Camera & Photo,,2001,,0,1
11,242,4.0,2001-01-07,Male,Camera & Photo,Panasonic,2001,,0,1
14,243,5.0,2001-01-08,Female&Male,Camera & Photo,Kodak,2001,,0,1
14,244,5.0,2001-01-08,Female&Male,Camera & Photo,Kodak,2001,,0,1
13,245,5.0,2001-01-08,Female,Camera & Photo,Nikon,2001,,0,1
12,246,4.0,2001-01-09,Female&Male,Camera & Photo,Fujifilm,2001,,0,1
3,247,2.0,2001-01-13,Female,Camera & Photo,,2001,,0,1
12,248,4.0,2001-01-18,Female&Male,Camera & Photo,Fujifilm,2001,,0,1
15,249,5.0,2001-01-18,Female&Male,Camera & Photo,Kodak,2001,,0,1
14,250,4.0,2001-01-20,Female&Male,Camera & Photo,Kodak,2001,,0,1
18,251,5.0,2001-01-21,Female,Camera & Photo,Sony,2001,,0,1
14,252,5.0,2001-01-23,Female&Male,Camera & Photo,Kodak,2001,,0,1
20,253,3.0,2001-01-23,Female&Male,Camera & Photo,Kensington,2001,,0,1
3,254,5.0,2001-01-27,Female,Camera & Photo,,2001,,0,1
1,255,1.0,2001-01-30,Female,Computers & Accessories,HP,2001,,0,1
14,256,5.0,2001-02-04,Female&Male,Camera & Photo,Kodak,2001,,0,2
14,257,5.0,2001-02-04,Female&Male,Camera & Photo,Kodak,2001,Female,0,2
14,258,5.0,2001-02-06,Female&Male,Camera & Photo,Kodak,2001,,0,2
13,259,4.0,2001-02-07,Female,Camera & Photo,Nikon,2001,,0,2
7,260,1.0,2001-02-07,Female,Home Audio,Philips,2001,,0,2
14,261,5.0,2001-02-09,Female&Male,Camera & Photo,Kodak,2001,,0,2
14,262,5.0,2001-02-11,Female&Male,Camera & Photo,Kodak,2001,,0,2
12,263,4.0,2001-02-18,Female&Male,Camera & Photo,Fujifilm,2001,,0,2
2,264,5.0,2001-02-19,Female&Male,Headphones,,2001,,0,2
21,265,5.0,2001-02-20,Male,Computers & Accessories,,2001,,0,2
19,266,4.0,2001-02-23,Female,Camera & Photo,Canon,2001,,0,2
13,267,4.0,2001-02-24,Female,Camera & Photo,Nikon,2001,,0,2
9,268,2.0,2001-02-25,Female,Camera & Photo,JVC,2001,,0,2
14,269,5.0,2001-03-02,Female&Male,Camera & Photo,Kodak,2001,Male,0,3
8,270,5.0,2001-03-03,Female,Accessories & Supplies,,2001,,0,3
7,271,1.0,2001-03-07,Female,Home Audio,Philips,2001,,0,3
22,272,5.0,2001-03-08,Female,Accessories & Supplies,,2001,,0,3
23,273,5.0,2001-03-10,Female&Male,Camera & Photo,,2001,,0,3
23,274,5.0,2001-03-10,Female&Male,Camera & Photo,,2001,Male,0,3
23,275,5.0,2001-03-10,Female&Male,Camera & Photo,,2001,,0,3
23,276,3.0,2001-03-10,Female&Male,Camera & Photo,,2001,,0,3
15,269,5.0,2001-03-10,Female&Male,Camera & Photo,Kodak,2001,Male,0,3
23,277,4.0,2001-03-10,Female&Male,Camera & Photo,,2001,,0,3
23,278,4.0,2001-03-11,Female&Male,Camera & Photo,,2001,,0,3
23,279,5.0,2001-03-11,Female&Male,Camera & Photo,,2001,,0,3
23,280,4.0,2001-03-11,Female&Male,Camera & Photo,,2001,,0,3
23,281,5.0,2001-03-11,Female&Male,Camera & Photo,,2001,,0,3
23,282,4.0,2001-03-11,Female&Male,Camera & Photo,,2001,,0,3
23,283,4.0,2001-03-11,Female&Male,Camera & Photo,,2001,,0,3
23,284,3.0,2001-03-11,Female&Male,Camera & Photo,,2001,,0,3
23,285,4.0,2001-03-11,Female&Male,Camera & Photo,,2001,,0,3
23,286,4.0,2001-03-12,Female&Male,Camera & Photo,,2001,,0,3
23,287,5.0,2001-03-12,Female&Male,Camera & Photo,,2001,,0,3
23,288,5.0,2001-03-12,Female&Male,Camera & Photo,,2001,,0,3
23,289,4.0,2001-03-12,Female&Male,Camera & Photo,,2001,,0,3
3,290,4.0,2001-03-12,Female,Camera & Photo,,2001,,0,3
1,291,5.0,2001-03-12,Female,Computers & Accessories,HP,2001,,0,3
23,292,5.0,2001-03-12,Female&Male,Camera & Photo,,2001,,0,3
12,293,1.0,2001-03-14,Female&Male,Camera & Photo,Fujifilm,2001,,0,3
24,294,5.0,2001-03-15,Female,Camera & Photo,Sony,2001,,0,3
4,295,1.0,2001-03-15,Female,Television & Video,Philips,2001,,0,3
15,296,4.0,2001-03-18,Female&Male,Camera & Photo,Kodak,2001,,0,3
11,297,4.0,2001-03-18,Male,Camera & Photo,Panasonic,2001,,0,3
13,298,4.0,2001-03-19,Female,Camera & Photo,Nikon,2001,,0,3
6,299,3.0,2001-03-21,Female,Camera & Photo,Panasonic,2001,,0,3
13,300,5.0,2001-03-21,Female,Camera & Photo,Nikon,2001,,0,3
20,301,4.0,2001-03-22,Female&Male,Camera & Photo,Kensington,2001,,0,3
25,302,5.0,2001-03-23,Female,Camera & Photo,Sony,2001,,0,3
23,303,4.0,2001-03-25,Female&Male,Camera & Photo,,2001,,0,3
13,304,5.0,2001-03-26,Female,Camera & Photo,Nikon,2001,,0,3
10,305,1.0,2001-03-28,Male,Portable Audio & Video,,2001,,0,3
1,306,5.0,2001-04-03,Female,Computers & Accessories,HP,2001,,0,4
26,307,1.0,2001-04-05,Female,Camera & Photo,Sony,2001,,0,4
27,308,5.0,2001-04-08,Female,Camera & Photo,Sony,2001,,0,4
13,309,5.0,2001-04-14,Female,Camera & Photo,Nikon,2001,Male,0,4
28,310,4.0,2001-04-15,Female&Male,Camera & Photo,Kodak,2001,,0,4
3,311,4.0,2001-04-18,Female,Camera & Photo,,2001,,0,4
3,312,4.0,2001-04-18,Female,Camera & Photo,,2001,,0,4
1,313,5.0,2001-04-18,Female,Computers & Accessories,HP,2001,,0,4
14,314,5.0,2001-04-18,Female&Male,Camera & Photo,Kodak,2001,,0,4
14,315,5.0,2001-04-22,Female&Male,Camera & Photo,Kodak,2001,,0,4
29,316,4.0,2001-04-22,Female&Male,Camera & Photo,Kodak,2001,,0,4
24,317,5.0,2001-04-23,Female,Camera & Photo,Sony,2001,,0,4
16,318,5.0,2001-04-23,Female&Male,Camera & Photo,Kodak,2001,,0,4
3,319,5.0,2001-04-24,Female,Camera & Photo,,2001,,0,4
22,320,5.0,2001-04-25,Female,Accessories & Supplies,,2001,,0,4
26,321,4.0,2001-04-26,Female,Camera & Photo,Sony,2001,,0,4
4,322,2.0,2001-04-27,Female,Television & Video,Philips,2001,,0,4
16,323,5.0,2001-04-29,Female&Male,Camera & Photo,Kodak,2001,,0,4
28,324,2.0,2001-04-29,Female&Male,Camera & Photo,Kodak,2001,,0,4
26,325,5.0,2001-04-30,Female,Camera & Photo,Sony,2001,,0,4
11,326,5.0,2001-05-02,Male,Camera & Photo,Panasonic,2001,,0,5
3,327,1.0,2001-05-02,Female,Camera & Photo,,2001,,0,5
29,328,5.0,2001-05-04,Female&Male,Camera & Photo,Kodak,2001,,0,5
24,158,5.0,2001-05-04,Female,Camera & Photo,Sony,2001,,0,5
28,328,5.0,2001-05-04,Female&Male,Camera & Photo,Kodak,2001,,2,5
29,329,1.0,2001-05-06,Female&Male,Camera & Photo,Kodak,2001,,0,5
29,330,5.0,2001-05-07,Female&Male,Camera & Photo,Kodak,2001,,0,5
2,331,3.0,2001-05-08,Female&Male,Headphones,,2001,,0,5
14,332,4.0,2001-05-09,Female&Male,Camera & Photo,Kodak,2001,,0,5
29,333,3.0,2001-05-09,Female&Male,Camera & Photo,Kodak,2001,,0,5
27,334,5.0,2001-05-09,Female,Camera & Photo,Sony,2001,,0,5
3,335,1.0,2001-05-10,Female,Camera & Photo,,2001,,0,5
3,336,5.0,2001-05-11,Female,Camera & Photo,,2001,,0,5
3,337,4.0,2001-05-11,Female,Camera & Photo,,2001,,0,5
3,338,4.0,2001-05-11,Female,Camera & Photo,,2001,,0,5
2,339,5.0,2001-05-13,Female&Male,Headphones,,2001,,0,5
13,340,2.0,2001-05-13,Female,Camera & Photo,Nikon,2001,Male,0,5
3,341,5.0,2001-05-14,Female,Camera & Photo,,2001,,0,5
22,342,5.0,2001-05-16,Female,Accessories & Supplies,,2001,,0,5
3,343,5.0,2001-05-17,Female,Camera & Photo,,2001,,0,5
23,344,5.0,2001-05-18,Female&Male,Camera & Photo,,2001,,0,5
16,158,3.0,2001-05-19,Female&Male,Camera & Photo,Kodak,2001,,0,5
25,345,4.0,2001-05-19,Female,Camera & Photo,Sony,2001,,0,5
25,346,3.0,2001-05-22,Female,Camera & Photo,Sony,2001,,0,5
1,347,2.0,2001-05-22,Female,Computers & Accessories,HP,2001,,0,5
16,348,5.0,2001-05-23,Female&Male,Camera & Photo,Kodak,2001,,0,5
14,349,4.0,2001-05-23,Female&Male,Camera & Photo,Kodak,2001,,0,5
23,350,5.0,2001-05-24,Female&Male,Camera & Photo,,2001,,0,5
22,351,5.0,2001-05-26,Female,Accessories & Supplies,,2001,,0,5
28,352,5.0,2001-05-26,Female&Male,Camera & Photo,Kodak,2001,,0,5
14,353,5.0,2001-05-28,Female&Male,Camera & Photo,Kodak,2001,,0,5
29,354,3.0,2001-05-28,Female&Male,Camera & Photo,Kodak,2001,,0,5
14,355,5.0,2001-05-29,Female&Male,Camera & Photo,Kodak,2001,,0,5
25,356,3.0,2001-05-29,Female,Camera & Photo,Sony,2001,,0,5
3,357,5.0,2001-05-31,Female,Camera & Photo,,2001,,0,5
22,358,4.0,2001-06-06,Female,Accessories & Supplies,,2001,,0,6
30,359,5.0,2001-06-06,Female,Camera & Photo,Sony,2001,,0,6
31,360,5.0,2001-06-07,Female&Male,Camera & Photo,,2001,,0,6
31,361,5.0,2001-06-07,Female&Male,Camera & Photo,,2001,,0,6
22,362,1.0,2001-06-07,Female,Accessories & Supplies,,2001,,0,6
14,363,4.0,2001-06-08,Female&Male,Camera & Photo,Kodak,2001,,0,6
16,364,5.0,2001-06-08,Female&Male,Camera & Photo,Kodak,2001,,0,6
32,365,5.0,2001-06-09,Female,Camera & Photo,Canon,2001,,0,6
32,366,4.0,2001-06-09,Female,Camera & Photo,Canon,2001,,0,6
2,367,4.0,2001-06-09,Female&Male,Headphones,,2001,,0,6
32,368,5.0,2001-06-11,Female,Camera & Photo,Canon,2001,,0,6
1,369,4.0,2001-06-11,Female,Computers & Accessories,HP,2001,Female,0,6
30,370,5.0,2001-06-14,Female,Camera & Photo,Sony,2001,,0,6
14,371,4.0,2001-06-16,Female&Male,Camera & Photo,Kodak,2001,,0,6
21,372,5.0,2001-06-17,Male,Computers & Accessories,,2001,,0,6
21,373,5.0,2001-06-18,Male,Computers & Accessories,,2001,,0,6
28,374,2.0,2001-06-19,Female&Male,Camera & Photo,Kodak,2001,,0,6
12,375,5.0,2001-06-19,Female&Male,Camera & Photo,Fujifilm,2001,,0,6
12,376,4.0,2001-06-20,Female&Male,Camera & Photo,Fujifilm,2001,,0,6
14,377,5.0,2001-06-21,Female&Male,Camera & Photo,Kodak,2001,,0,6
28,378,5.0,2001-06-22,Female&Male,Camera & Photo,Kodak,2001,,0,6
32,379,4.0,2001-06-22,Female,Camera & Photo,Canon,2001,,0,6
24,380,1.0,2001-06-24,Female,Camera & Photo,Sony,2001,,0,6
24,381,5.0,2001-06-25,Female,Camera & Photo,Sony,2001,,0,6
17,382,4.0,2001-06-25,Female,Camera & Photo,Fujifilm,2001,,0,6
18,383,5.0,2001-06-27,Female,Camera & Photo,Sony,2001,,0,6
5,384,4.0,2001-06-27,Female&Male,Camera & Photo,Polaroid,2001,,0,6
14,385,4.0,2001-06-29,Female&Male,Camera & Photo,Kodak,2001,Male,0,6
24,386,5.0,2001-06-30,Female,Camera & Photo,Sony,2001,,0,6
7,387,5.0,2001-06-30,Female,Home Audio,Philips,2001,,0,6
33,388,4.0,2001-07-01,Female&Male,Portable Audio & Video,Pyle,2001,,0,7
34,389,5.0,2001-07-02,Female,Camera & Photo,Sony,2001,,0,7
31,390,1.0,2001-07-02,Female&Male,Camera & Photo,,2001,,0,7
35,391,2.0,2001-07-02,Female,Camera & Photo,Sony,2001,,0,7
12,392,5.0,2001-07-05,Female&Male,Camera & Photo,Fujifilm,2001,,0,7
12,393,3.0,2001-07-07,Female&Male,Camera & Photo,Fujifilm,2001,,0,7
27,394,4.0,2001-07-08,Female,Camera & Photo,Sony,2001,,0,7
33,395,5.0,2001-07-08,Female&Male,Portable Audio & Video,Pyle,2001,,0,7
22,396,3.0,2001-07-10,Female,Accessories & Supplies,,2001,,0,7
36,397,5.0,2001-07-10,Female,Camera & Photo,Sony,2001,,0,7
22,398,3.0,2001-07-11,Female,Accessories & Supplies,,2001,,0,7
34,399,5.0,2001-07-15,Female,Camera & Photo,Sony,2001,,0,7
28,400,5.0,2001-07-15,Female&Male,Camera & Photo,Kodak,2001,,0,7
29,401,3.0,2001-07-16,Female&Male,Camera & Photo,Kodak,2001,,0,7
34,402,4.0,2001-07-17,Female,Camera & Photo,Sony,2001,,0,7
37,403,5.0,2001-07-17,Female,Camera & Photo,Sony,2001,,0,7
13,404,4.0,2001-07-19,Female,Camera & Photo,Nikon,2001,Male,0,7
37,405,5.0,2001-07-19,Female,Camera & Photo,Sony,2001,,0,7
0,406,4.0,2001-07-20,Female,Portable Audio & Video,,2001,,0,7
14,407,4.0,2001-07-21,Female&Male,Camera & Photo,Kodak,2001,,0,7
21,408,5.0,2001-07-21,Male,Computers & Accessories,,2001,,0,7
19,409,5.0,2001-07-21,Female,Camera & Photo,Canon,2001,,0,7
1,410,4.0,2001-07-21,Female,Computers & Accessories,HP,2001,,0,7
22,411,5.0,2001-07-23,Female,Accessories & Supplies,,2001,,0,7
25,412,2.0,2001-07-23,Female,Camera & Photo,Sony,2001,,0,7
26,413,4.0,2001-07-25,Female,Camera & Photo,Sony,2001,,0,7
13,414,5.0,2001-07-25,Female,Camera & Photo,Nikon,2001,,0,7
29,415,3.0,2001-07-27,Female&Male,Camera & Photo,Kodak,2001,,0,7
14,416,5.0,2001-07-27,Female&Male,Camera & Photo,Kodak,2001,,0,7
38,417,1.0,2001-07-28,Female,Computers & Accessories,,2001,,0,7
21,418,5.0,2001-07-29,Male,Computers & Accessories,,2001,Female,0,7
34,419,4.0,2001-07-31,Female,Camera & Photo,Sony,2001,,0,7
37,420,5.0,2001-07-31,Female,Camera & Photo,Sony,2001,,0,7
39,421,5.0,2001-08-01,Female,Camera & Photo,Sony,2001,,0,8
26,422,5.0,2001-08-02,Female,Camera & Photo,Sony,2001,,0,8
36,423,5.0,2001-08-03,Female,Camera & Photo,Sony,2001,,0,8
7,424,2.0,2001-08-04,Female,Home Audio,Philips,2001,,0,8
31,425,4.0,2001-08-05,Female&Male,Camera & Photo,,2001,,0,8
1,426,5.0,2001-08-06,Female,Computers & Accessories,HP,2001,,0,8
23,427,4.0,2001-08-06,Female&Male,Camera & Photo,,2001,,0,8
21,428,5.0,2001-08-06,Male,Computers & Accessories,,2001,,0,8
26,429,5.0,2001-08-07,Female,Camera & Photo,Sony,2001,,0,8
32,430,2.0,2001-08-07,Female,Camera & Photo,Canon,2001,,0,8
34,431,5.0,2001-08-08,Female,Camera & Photo,Sony,2001,,0,8
14,432,5.0,2001-08-10,Female&Male,Camera & Photo,Kodak,2001,Female,0,8
35,433,5.0,2001-08-10,Female,Camera & Photo,Sony,2001,,0,8
22,434,4.0,2001-08-11,Female,Accessories & Supplies,,2001,,0,8
36,435,4.0,2001-08-12,Female,Camera & Photo,Sony,2001,,0,8
36,436,5.0,2001-08-13,Female,Camera & Photo,Sony,2001,,0,8
39,437,5.0,2001-08-14,Female,Camera & Photo,Sony,2001,,0,8
22,438,5.0,2001-08-14,Female,Accessories & Supplies,,2001,,0,8
37,439,5.0,2001-08-15,Female,Camera & Photo,Sony,2001,,0,8
40,440,5.0,2001-08-16,Female,Camera & Photo,Olympus,2001,,0,8
21,441,5.0,2001-08-17,Male,Computers & Accessories,,2001,,0,8
16,442,4.0,2001-08-17,Female&Male,Camera & Photo,Kodak,2001,,0,8
40,443,5.0,2001-08-20,Female,Camera & Photo,Olympus,2001,,0,8
34,444,4.0,2001-08-20,Female,Camera & Photo,Sony,2001,,0,8
34,300,4.0,2001-08-21,Female,Camera & Photo,Sony,2001,,1,8
41,445,5.0,2001-08-23,Female,Camera & Photo,Sony,2001,,0,8
35,446,5.0,2001-08-23,Female,Camera & Photo,Sony,2001,,0,8
32,447,1.0,2001-08-25,Female,Camera & Photo,Canon,2001,,0,8
14,448,4.0,2001-08-26,Female&Male,Camera & Photo,Kodak,2001,,0,8
21,300,4.0,2001-08-27,Male,Computers & Accessories,,2001,,2,8
14,449,4.0,2001-08-27,Female&Male,Camera & Photo,Kodak,2001,,0,8
10,450,2.0,2001-08-28,Male,Portable Audio & Video,,2001,,0,8
24,451,5.0,2001-08-28,Female,Camera & Photo,Sony,2001,,0,8
41,452,5.0,2001-08-29,Female,Camera & Photo,Sony,2001,,0,8
42,453,5.0,2001-08-29,Male,Computers & Accessories,,2001,,0,8
19,454,5.0,2001-08-29,Female,Camera & Photo,Canon,2001,,0,8
43,455,5.0,2001-08-30,Male,Camera & Photo,,2001,,0,8
7,456,1.0,2001-08-30,Female,Home Audio,Philips,2001,,0,8
16,457,1.0,2001-08-30,Female&Male,Camera & Photo,Kodak,2001,,0,8
34,458,4.0,2001-08-31,Female,Camera & Photo,Sony,2001,,0,8
31,459,5.0,2001-09-01,Female&Male,Camera & Photo,,2001,,0,9
24,460,5.0,2001-09-04,Female,Camera & Photo,Sony,2001,,0,9
39,461,5.0,2001-09-07,Female,Camera & Photo,Sony,2001,,0,9
33,462,5.0,2001-09-08,Female&Male,Portable Audio & Video,Pyle,2001,,0,9
21,463,5.0,2001-09-08,Male,Computers & Accessories,,2001,,0,9
17,464,5.0,2001-09-10,Female,Camera & Photo,Fujifilm,2001,,0,9
40,465,5.0,2001-09-12,Female,Camera & Photo,Olympus,2001,,0,9
28,466,5.0,2001-09-12,Female&Male,Camera & Photo,Kodak,2001,,0,9
44,467,1.0,2001-09-13,Female,Computers & Accessories,Toshiba,2001,,0,9
39,468,5.0,2001-09-14,Female,Camera & Photo,Sony,2001,,0,9
19,469,5.0,2001-09-15,Female,Camera & Photo,Canon,2001,,0,9
21,470,5.0,2001-09-15,Male,Computers & Accessories,,2001,,0,9
29,471,4.0,2001-09-18,Female&Male,Camera & Photo,Kodak,2001,,0,9
44,472,4.0,2001-09-19,Female,Computers & Accessories,Toshiba,2001,,0,9
7,473,1.0,2001-09-20,Female,Home Audio,Philips,2001,,0,9
16,474,3.0,2001-09-20,Female&Male,Camera & Photo,Kodak,2001,,0,9
37,475,4.0,2001-09-20,Female,Camera & Photo,Sony,2001,,0,9
45,476,1.0,2001-09-20,Female,Computers & Accessories,,2001,,0,9
29,477,4.0,2001-09-22,Female&Male,Camera & Photo,Kodak,2001,,0,9
11,478,2.0,2001-09-24,Male,Camera & Photo,Panasonic,2001,,0,9
23,479,4.0,2001-09-25,Female&Male,Camera & Photo,,2001,,0,9
39,480,5.0,2001-09-25,Female,Camera & Photo,Sony,2001,,0,9
45,481,5.0,2001-09-28,Female,Computers & Accessories,,2001,,0,9
45,482,5.0,2001-09-29,Female,Computers & Accessories,,2001,,0,9
34,483,5.0,2001-09-30,Female,Camera & Photo,Sony,2001,,0,9
45,484,5.0,2001-10-02,Female,Computers & Accessories,,2001,,0,10
21,485,5.0,2001-10-05,Male,Computers & Accessories,,2001,,0,10
34,486,5.0,2001-10-09,Female,Camera & Photo,Sony,2001,,0,10
40,487,1.0,2001-10-09,Female,Camera & Photo,Olympus,2001,,0,10
45,488,5.0,2001-10-09,Female,Computers & Accessories,,2001,,0,10
13,489,4.0,2001-10-14,Female,Camera & Photo,Nikon,2001,,0,10
37,490,5.0,2001-10-16,Female,Camera & Photo,Sony,2001,,0,10
7,491,1.0,2001-10-17,Female,Home Audio,Philips,2001,,0,10
37,492,5.0,2001-10-19,Female,Camera & Photo,Sony,2001,,0,10
13,493,4.0,2001-10-22,Female,Camera & Photo,Nikon,2001,,0,10
13,494,5.0,2001-10-23,Female,Camera & Photo,Nikon,2001,,0,10
40,495,5.0,2001-10-23,Female,Camera & Photo,Olympus,2001,,0,10
3,496,4.0,2001-10-23,Female,Camera & Photo,,2001,,0,10
4,497,5.0,2001-10-24,Female,Television & Video,Philips,2001,,0,10
16,498,5.0,2001-10-25,Female&Male,Camera & Photo,Kodak,2001,,0,10
14,499,5.0,2001-10-26,Female&Male,Camera & Photo,Kodak,2001,,0,10
39,500,5.0,2001-10-27,Female,Camera & Photo,Sony,2001,,0,10
39,501,5.0,2001-10-27,Female,Camera & Photo,Sony,2001,,0,10
33,502,5.0,2001-10-29,Female&Male,Portable Audio & Video,Pyle,2001,,0,10
39,503,5.0,2001-10-29,Female,Camera & Photo,Sony,2001,,0,10
34,504,5.0,2001-11-05,Female,Camera & Photo,Sony,2001,,0,11
42,505,5.0,2001-11-06,Male,Computers & Accessories,,2001,Male,0,11
37,506,5.0,2001-11-06,Female,Camera & Photo,Sony,2001,,0,11
19,507,4.0,2001-11-07,Female,Camera & Photo,Canon,2001,,0,11
0,508,1.0,2001-11-09,Female,Portable Audio & Video,,2001,,0,11
7,509,3.0,2001-11-10,Female,Home Audio,Philips,2001,,0,11
29,510,4.0,2001-11-12,Female&Male,Camera & Photo,Kodak,2001,,0,11
28,510,4.0,2001-11-12,Female&Male,Camera & Photo,Kodak,2001,,2,11
14,511,5.0,2001-11-13,Female&Male,Camera & Photo,Kodak,2001,,0,11
37,512,5.0,2001-11-13,Female,Camera & Photo,Sony,2001,,0,11
24,513,4.0,2001-11-13,Female,Camera & Photo,Sony,2001,,0,11
36,514,5.0,2001-11-17,Female,Camera & Photo,Sony,2001,,0,11
